name,subject,number,avg_gpa,percent_4s,num_students
Aerospace Flight Mechanics,AE,202,3.3769260700389094,0.40077821011673154,1542.0
Incompressible Flow,AE,311,3.0300574712643678,0.2739463601532567,1566.0
Compressible Flow,AE,312,2.9147466467958267,0.2667660208643815,1342.0
Mechs of Aerospace Structures,AE,321,2.5702462462462456,0.16336336336336335,1665.0
Aerospace Dynamical Systems,AE,352,3.200086724482988,0.33955970647098066,1499.0
Aerospace Control Systems,AE,353,3.1821189336978812,0.3793574846206425,1463.0
Spacecraft Attitude Control,AE,403,3.4851948051948054,0.38961038961038963,154.0
Computational Aerodynamics,AE,410,3.408144927536231,0.5130434782608696,345.0
Aircraft Flight Mechanics,AE,419,3.18156862745098,0.3137254901960784,459.0
Finite Element Analysis,AE,420,,,
Rocket Propulsion,AE,434,3.0945277777777775,0.21666666666666667,360.0
Electric Space Propulsion,AE,435,3.0593207547169814,0.23773584905660378,265.0
Introduction to Astrophysics,ASTR,210,3.020617210682493,0.3744807121661721,1685.0
Computing in Astronomy,ASTR,310,3.1527450980392153,0.5163398692810458,153.0
Extraterrestrial Life,ASTR,330,3.584066496163683,0.5721592985020095,2737.0
Planetary Systems,ASTR,405,3.01888198757764,0.2898550724637681,483.0
Galaxies and the Universe,ASTR,406,2.998678756476684,0.32124352331606215,386.0
Astronomical Techniques,ASTR,414,3.117877697841727,0.4064748201438849,278.0
General Physical Meteorology,ATMS,201,3.61054229934924,0.6496746203904555,922.0
Radiative Transfer-Remote Sens,ATMS,304,2.9833333333333334,0.18518518518518517,216.0
Satellite Remote Sensing,ATMS,411,,,
Atmospheric Chemistry,ATMS,420,3.641730769230769,0.5384615384615384,52.0
Gene Expression & Regulation,BIOC,406,,,
Physical Biochemistry,BIOC,446,3.4663247863247864,0.3623931623931624,585.0
Technqs Biochem & Biotech,BIOC,455,3.2640144665461124,0.325497287522604,553.0
Cell & Tissue Engineering Lab,BIOE,202,3.246675257731958,0.24871134020618557,776.0
Biomedical Instrumentation,BIOE,414,3.347049300956585,0.3576158940397351,1359.0
Biomedical Instrumentation Lab,BIOE,415,3.7345194805194804,0.6597402597402597,770.0
Biophotonics,BIOE,467,,,
Principles of CHE,CHBE,221,2.6253406671398154,0.16075230660042583,2818.0
Thermodynamics,CHBE,321,2.943304680038204,0.2148997134670487,2094.0
Momentum and Heat Transfer,CHBE,421,2.757607537894306,0.16509627201966406,2441.0
Mass Transfer Operations,CHBE,422,2.8165305118110244,0.19389763779527558,2032.0
Chemical Reaction Engineering,CHBE,424,2.81555672823219,0.2596306068601583,1895.0
Unit Operations Laboratory,CHBE,430,3.2528612385321103,0.20355504587155962,1744.0
Process Design,CHBE,431,3.0619785522788203,0.17265415549597854,1865.0
Process Control and Dynamics,CHBE,440,3.0858823529411756,0.22058823529411764,1972.0
General Chemistry II,CHEM,104,2.619529986453758,0.14059357169245926,24361.0
General Chemistry Lab II,CHEM,105,3.5534855498561235,0.5736686267150424,23979.0
Transportation Engineering,CEE,310,3.0664380530973454,0.19579646017699115,1808.0
Environmental Engineering,CEE,330,3.4391938405797102,0.2551328502415459,3312.0
Railway Signaling & Control,CEE,410,3.2557446808510635,0.2553191489361702,47.0
Atmospheric Chemistry,CEE,447,3.1776666666666666,0.43333333333333335,30.0
Decision and Risk Analysis,CEE,491,3.1524672489082968,0.36026200873362446,458.0
Genetic Engineering Lab,CPSC,265,3.8657471264367813,0.8045977011494253,87.0
Intro Computing: Engrg & Sci,CS,101,3.369923649671883,0.5217693084300858,15848.0
Numerical Methods I,CS,357,3.1960061443932406,0.4121863799283154,7812.0
Cryptography,CS,407,,,
Text Information Systems,CS,410,3.84643310082435,0.8161065313887127,3154.0
Database Systems,CS,411,3.491415525114155,0.5049267003124249,8322.0
Introduction to Data Mining,CS,412,3.3403462278264584,0.4022226971575123,4679.0
Intro to Combinatorics,CS,413,,,
Game Development,CS,415,3.840796703296703,0.8653846153846154,364.0
Programming Languages & Compilers,CS,421,3.3726593720266416,0.5651760228353948,6306.0
Distributed Systems,CS,425,3.244853998203055,0.21990116801437556,4452.0
Software Engineering I,CS,427,3.528248587570622,0.4858757062146893,2124.0
Embedded Systems,CS,431,3.0705932203389827,0.2680084745762712,944.0
Computer System Organization,CS,433,3.3625117370892017,0.34976525821596244,852.0
Cloud Networking,CS,435,3.414347826086956,0.6304347826086957,322.0
Topics in Internet of Things,CS,437,3.644970149253731,0.7820895522388059,670.0
Communication Networks,CS,438,3.146255528255528,0.32383292383292384,2035.0
Artificial Intelligence,CS,440,3.276491286307054,0.4312033195020747,6025.0
Applied Machine Learning,CS,441,3.74098508811568,0.7916854948034342,2213.0
Deep Learning for Computer Vision,CS,444,3.685127659574468,0.7978723404255319,470.0
Computational Photography,CS,445,3.496624441132638,0.5670640834575261,1342.0
Machine Learning,CS,446,3.363776466504686,0.34154807358556055,2881.0
Natural Language Processing,CS,447,3.5896442687747037,0.5642292490118577,1012.0
Audio Computing Laboratory,CS,448,3.766081081081081,0.7837837837837838,74.0
Numerical Analysis,CS,450,3.122133891213389,0.3214783821478382,2868.0
Computer Security I,CS,461,3.0060480997624706,0.24732779097387173,3368.0
Computer Security II,CS,463,3.47894422310757,0.5717131474103586,502.0
Algorithms,CS,473,2.7946990291262135,0.15679611650485437,2060.0
Formal Software Development Methods,CS,477,3.486130653266332,0.5376884422110553,199.0
Seminar,CS,491,,,
Digital Signal Processing,ECE,310,2.9552694610778447,0.2383694150161216,4342.0
Digital Signal Processing Lab,ECE,311,3.5034114713216957,0.5825436408977556,2005.0
Probability in Engineering Lab,ECE,314,3.613511293634497,0.6427104722792608,487.0
Fields and Waves I,ECE,329,2.8617931034482758,0.25917686318131256,4495.0
Power Ckts & Electromechanics,ECE,330,2.7571473750790636,0.21347248576850095,3162.0
Green Electric Energy,ECE,333,3.1905637467476144,0.2727666955767563,2306.0
Semiconductor Electronics,ECE,340,2.6270090791180287,0.1974059662775616,3855.0
Electronic Circuits,ECE,342,3.0764747056951953,0.2682150811326758,3143.0
Electronic Circuits Laboratory,ECE,343,3.711618160651921,0.6286379511059371,859.0
Fields and Waves II,ECE,350,3.1653633572159667,0.3172978505629478,977.0
Programming Methods for Machine Learning,ECE,364,,,
Introduction to Algorithms & Models of Computation,ECE,374,,,
Computer Systems Engineering,ECE,391,2.9380953456845913,0.23746046091278808,4426.0
Advanced Digital Projects Lab,ECE,395,3.6645559845559847,0.61003861003861,259.0
Honors Project,ECE,396,,,
Individual Study in ECE,ECE,397,,,
Electronic Music Synthesis,ECE,402,3.503742550655542,0.5113230035756854,839.0
Audio Engineering,ECE,403,3.736551724137931,0.5517241379310345,29.0
Cryptography,ECE,407,3.642727272727273,0.6,55.0
Applied Parallel Programming,ECE,408,3.151880180859081,0.26186887716654106,2654.0
Computer Organization & Design,ECE,411,2.980047888550283,0.2242054854157597,2297.0
Biomedical Instrumentation,ECE,414,,,
Biomedical Instrumentation Lab,ECE,415,,,
Biosensors,ECE,416,3.302724550898204,0.38922155688622756,334.0
Embedded DSP Laboratory,ECE,420,3.616877022653721,0.529126213592233,618.0
Neural Interface Engineering,ECE,421,3.525151515151515,0.5454545454545454,33.0
Computer Security I,ECE,422,,,
Computer Security II,ECE,424,,,
Intro to VLSI System Design,ECE,425,3.1015044247787604,0.30678466076696165,339.0
Distributed Systems,ECE,428,,,
Electric Machinery,ECE,431,3.1731973898858077,0.27569331158238175,613.0
Real World Algorithms for IoT and Data Science,ECE,434,3.578615384615385,0.37948717948717947,195.0
Communication Networks,ECE,438,3.5703000000000005,0.47,100.0
LEDs and Solar Cells,ECE,443,3.492173913043478,0.34782608695652173,23.0
IC Device Theory & Fabrication,ECE,444,3.345446175637394,0.4206798866855524,1412.0
Senior Design Project Lab,ECE,445,3.16014742014742,0.294021294021294,3663.0
Active Microwave Ckt Design,ECE,447,3.6280392156862753,0.47058823529411764,51.0
Artificial Intelligence,ECE,448,,,
Machine Learning,ECE,449,,,
Adv Microwave Measurements,ECE,451,3.679624060150376,0.5714285714285714,133.0
Optical Imaging,ECE,460,3.8095238095238093,0.8095238095238095,21.0
Digital Communications,ECE,461,3.2313043478260868,0.391304347826087,23.0
Logic Synthesis,ECE,462,3.200352112676056,0.24647887323943662,568.0
Optical Communications Systems,ECE,465,,,
Optical Communications Lab,ECE,466,,,
Biophotonics,ECE,467,,,
Introduction to Robotics,ECE,470,3.262782060266292,0.4043447792571829,1427.0
Formal Software Development Methods,ECE,478,,,
IoT and Cognitive Computing,ECE,479,3.425531914893617,0.2978723404255319,47.0
Nanotechnology,ECE,481,3.612465277777778,0.6840277777777778,288.0
Analog IC Design,ECE,483,3.2824577861163227,0.31144465290806755,533.0
Principles of Safe Autonomy,ECE,484,3.6341549295774653,0.4507042253521127,142.0
Control Systems,ECE,486,3.383441138421734,0.43014230271668824,1546.0
Robot Dynamics and Control,ECE,489,,,
Introduction to Optimization,ECE,490,3.5171166448230675,0.5176933158584535,763.0
Numerical Analysis,ECE,491,,,
Senior Research Project,ECE,496,,,
Senior Thesis,ECE,499,,,
Interdisciplinary Design Proj,ENG,491,3.6751497005988023,0.5868263473053892,167.0
Physical Geology,GEOL,107,3.2465830115830117,0.3687258687258687,518.0
History of the Earth System,GEOL,208,3.0557847533632283,0.16591928251121077,223.0
Earth Materials and the Env,GEOL,333,,,
Mineralogy and Mineral Optics,GEOL,432,2.5853921568627456,0.0784313725490196,102.0
Sedimentology and Stratigraphy,GEOL,440,3.221943573667712,0.2664576802507837,319.0
Investigating the Earth’s Interior,GEOL,450,,,
Geochemistry,GEOL,460,,,
Deterministic Models in Optimization,IE,310,3.2235483870967743,0.34838709677419355,2015.0
Industrial Quality Control,IE,330,3.0588446969696967,0.2727272727272727,528.0
Production Planning & Control,IE,361,3.4379972936400534,0.29499323410013534,739.0
Simulation,IE,413,2.8434083601286178,0.23633440514469453,622.0
Financial Engineering,IE,420,3.188003246753247,0.26136363636363635,616.0
Organismal & Evolutionary Biol,IB,150,3.1026823587103105,0.3108986146867721,8157.0
Physiology,IB,202,3.2874688612099643,0.49955516014234874,2248.0
Evolution,IB,302,3.0483324911571503,0.20111167256189996,1979.0
Evolution of Traits and Genomes,IB,405,3.627090909090909,0.5909090909090909,110.0
Plant Physiology,IB,420,3.508732782369146,0.5179063360881543,363.0
Genes and Behavior,IB,432,3.766305309734513,0.8097345132743363,452.0
Conservation Biology,IB,451,3.5847026022304833,0.4851301115241636,538.0
Ornithology,IB,461,3.3581659388646283,0.462882096069869,229.0
Herpetology,IB,464,3.060277777777778,0.3194444444444444,72.0
Introduction to Computational Linguistics,LING,406,3.6092506459948326,0.6821705426356589,387.0
Language and the Brain,LING,427,,,
Engineering Materials,MSE,280,3.1006723283793347,0.2597310686482661,2826.0
Introduction to Higher Mathematics,MATH,314,,,
Fundamental Mathematics,MATH,347,3.122020352444776,0.3320923306031273,4029.0
Numerical Methods I,MATH,357,,,
Non Euclidean Geometry,MATH,402,3.2133828996282525,0.3159851301115242,538.0
Euclidean Geometry,MATH,403,3.1675943396226414,0.3419811320754717,424.0
Graph Theory,MATH,412,3.081168831168831,0.313543599257885,1078.0
Intro to Combinatorics,MATH,413,3.113562691131498,0.3830275229357798,1308.0
Applied Linear Algebra,MATH,415,2.976332243223768,0.24549636938085473,18041.0
Abstract Linear Algebra,MATH,416,3.021446748350612,0.3383600377002828,2122.0
Intro to Abstract Algebra,MATH,417,2.9414928909952613,0.2677725118483412,1266.0
Intro to Abstract Algebra II,MATH,418,3.5332857142857144,0.6285714285714286,70.0
Honors Real Analysis,MATH,424,3.575056179775281,0.5280898876404494,178.0
Honors Advanced Analysis,MATH,425,,,
Honors Abstract Algebra,MATH,427,3.558488372093023,0.5465116279069767,172.0
Set Theory and Topology,MATH,432,3.007291666666667,0.3333333333333333,48.0
Intro Partial Diff Equations,MATH,442,3.047526223776224,0.36975524475524474,1144.0
Elementary Real Analysis,MATH,444,3.1757579729139365,0.39930100480559194,2289.0
Applied Complex Variables,MATH,446,2.9283980967486127,0.3013481363996828,1261.0
Real Variables,MATH,447,3.227757475083057,0.36212624584717606,602.0
Complex Variables,MATH,448,3.2519387755102045,0.39285714285714285,196.0
Numerical Analysis,MATH,450,,,
Number Theory,MATH,453,3.272882748319641,0.4630321135175504,1339.0
Algorithms,MATH,473,,,
Vector and Tensor Analysis,MATH,481,2.983043478260869,0.3391304347826087,115.0
Linear Programming,MATH,482,3.193153846153846,0.4169230769230769,650.0
Nonlinear Programming,MATH,484,3.3218739352640543,0.43611584327086883,587.0
Molec & Cellular Basis of Life,MCB,150,2.991530996796684,0.19700395703787452,10614.0
Molecular Genetics,MCB,250,2.6027186761229317,0.1457840819542947,2538.0
Exp Techniqs in Molecular Biol,MCB,251,3.469985320023488,0.4057545507927187,3406.0
"Cells, Tissues & Development",MCB,252,3.2608521057786484,0.3401077375122429,4084.0
Exp Techniqs in Cellular Biol,MCB,253,3.6133142410830517,0.511585524602968,3841.0
Microbiology,MCB,300,3.129929187192119,0.2105911330049261,3248.0
Experimental Microbiology,MCB,301,3.195225705329154,0.15579937304075236,3190.0
Biochem & Phys Basis of Life,MCB,354,2.8383294392523366,0.1875,1712.0
Gene Expression & Regulation,MCB,406,3.468547619047619,0.430952380952381,420.0
"Developmental Biology, Stem Cells and Regenerative Medicine",MCB,410,3.437994505494505,0.3324175824175824,364.0
Microbial Biochemistry,MCB,424,3.6065020576131688,0.48559670781893005,243.0
Molecular Microbiology,MCB,430,,,
Evolution of Infectious Disease,MCB,435,3.5062962962962962,0.41975308641975306,324.0
Physical Biochemistry,MCB,446,,,
Eukaryotic Cell Signaling,MCB,480,3.5768098159509196,0.5552147239263804,326.0
Thermodynamics,ME,200,3.3769693251533743,0.3411042944785276,2445.0
Fundamentals of Fluid Dynamics,ME,310,3.0377156495056252,0.21991135356290487,2933.0
Heat Transfer,ME,320,3.017257336343115,0.21369450714823177,2658.0
Engineering Materials,ME,330,3.3649424083769635,0.3149214659685864,3820.0
Dynamics of Mechanical Systems,ME,340,3.2539015429831,0.34423218221895663,2722.0
Mechanical Design I,ME,370,3.4342543118025026,0.35745688197497466,2957.0
Mechanical Design II,ME,371,3.6060219378427787,0.45813528336380255,2735.0
Energy Conversion Systems,ME,400,3.4186312849162013,0.329608938547486,716.0
Intermediate Thermodynamics,ME,404,3.3820809248554915,0.44508670520231214,173.0
Intermediate Gas Dynamics,ME,410,3.1597142857142853,0.32857142857142857,140.0
Numerical Thermo-Fluid Mechs,ME,412,3.513793103448276,0.5134099616858238,261.0
Introduction to Robotics,ME,445,,,
Num Control of Mfg Processes,ME,452,3.4642465753424663,0.502283105022831,219.0
Industrial Control Systems,ME,460,3.522086956521739,0.4782608695652174,230.0
Finite Element Analysis,ME,471,3.1915727002967356,0.3590504451038576,1348.0
MEMS-NEMS Theory & Fabrication,ME,487,3.4243402225755166,0.32591414944356123,629.0
Elec Music Techniques II,MUS,409,,,
Modeling Nuclear Energy System,NPRE,247,2.8470088495575214,0.19646017699115045,565.0
Nuclear Power Engineering,NPRE,402,3.50151728553137,0.37900128040973113,3124.0
Nuclear Power Econ & Fuel Mgmt,NPRE,412,3.2732167832167836,0.32167832167832167,143.0
Plasma and Fusion Science,NPRE,421,3.0934115138592753,0.2537313432835821,469.0
Plasma Engineering,NPRE,429,3.4423076923076916,0.38461538461538464,52.0
Radiation Protection,NPRE,441,3.5610144927536234,0.44306418219461696,483.0
Radioactive Waste Management,NPRE,442,3.325052083333333,0.328125,192.0
NPRE Laboratory,NPRE,451,3.1442631578947378,0.2736842105263158,190.0
Neutron Diffusion & Transport,NPRE,455,2.6783400809716595,0.22064777327935223,494.0
Design in NPRE,NPRE,458,3.6430625,0.5,320.0
Fuel Cells & Hydrogen Sources,NPRE,470,3.589896480331263,0.45134575569358176,483.0
Wind Power Systems,NPRE,475,3.786058631921825,0.6482084690553745,921.0
Relativity & Math Applications,PHYS,225,3.0751792963464135,0.28179972936400544,2956.0
Physics on the Silicon Prairie: An Introduction to Modern Computational Physics,PHYS,246,3.3814285714285717,0.5238095238095238,21.0
Classical Mechanics I,PHYS,325,3.0219288389513106,0.2842696629213483,2670.0
Classical Mechanics II,PHYS,326,3.0072570194384456,0.23110151187904968,1389.0
Introduction to Quantum Information and Computing,PHYS,370,3.0762500000000004,0.4583333333333333,48.0
Classical Physics Lab,PHYS,401,3.1124695863746963,0.3284671532846715,822.0
Light,PHYS,402,3.3526415094339623,0.3754716981132076,530.0
Modern Experimental Physics,PHYS,403,3.857070707070707,0.8282828282828283,198.0
"Space, Time, and Matter-ACP",PHYS,419,2.8836724565756815,0.21588089330024815,403.0
"Space, Time, and Matter",PHYS,420,,,
Thermal & Statistical Physics,PHYS,427,3.1406774668630337,0.2709867452135493,1358.0
Condensed Matter Physics,PHYS,460,3.3758865248226946,0.43439716312056736,564.0
Subatomic Physics,PHYS,470,3.416950146627567,0.4340175953079179,341.0
Quantum Physics I,PHYS,486,3.05152610441767,0.29259896729776247,1743.0
Quantum Physics II,PHYS,487,3.219644160583942,0.354014598540146,1096.0
General Phonetics,SHS,200,3.2625058004640373,0.36040216550657383,1293.0
Intro Sound & Hearing Science,SHS,240,3.2541865671641794,0.3813432835820896,1340.0
General Speech Science,SHS,301,3.3139164490861615,0.32201914708442125,1149.0
Methods of Applied Statistics,STAT,420,3.563640805448623,0.581581285164347,6754.0
Design of Experiments,STAT,424,3.432499999999999,0.5115384615384615,260.0
Statistical Modeling I,STAT,425,3.425811586638831,0.4968684759916493,3832.0
Statistical Computing,STAT,428,3.3448219373219374,0.47150997150997154,1404.0
Time Series Analysis,STAT,429,3.3983089064261556,0.45208568207440814,887.0
Statistical Data Management,STAT,440,3.644999999999999,0.6153846153846154,2782.0
Reliability Engineering,SE,411,3.660434782608696,0.4782608695652174,46.0
Mechatronics,SE,423,3.7202880658436217,0.7119341563786008,243.0
State Space Design for Control,SE,424,3.202729411764706,0.2752941176470588,425.0
Statics,TAM,211,2.6286942070275403,0.18122823678379235,6318.0
Introductory Dynamics,TAM,212,2.872452682271251,0.1836711837831784,8929.0
Introductory Solid Mechanics,TAM,251,2.855424690055394,0.24505407544183594,7582.0
Behavior of Materials,TAM,324,,,
Introductory Fluid Mechanics,TAM,335,2.790946872322193,0.16709511568123395,4668.0
Intermediate Dynamics,TAM,412,2.8739377289377286,0.28205128205128205,546.0
Continuum Mechanics,TAM,445,2.9401239669421493,0.29338842975206614,484.0
